{
    "default_macros": {
        "cooldown": "TURN_OFF_HEATERS",
        "extrude": "_GUPPYSCREEN_EXTRUDE EXTRUDER_TEMP={} EXTRUDE_LEN={} SPEED={}",
        "retract": "_GUPPYSCREEN_RETRACT EXTRUDER_TEMP={} EXTRUDE_LEN={} SPEED={}",
        "load_filament": "LOAD_FILAMENT EXTRUDER_TEMP={}",
        "unload_filament": "UNLOAD_FILAMENT EXTRUDER_TEMP={}"
    },
    "display_brightness": 90,
    "display_rotate": 3,
    "display_sleep_sec": 600,
    "factory_reset_cmd": "/etc/init.d/S58factoryreset reset",
    "fans": [
        {
            "display_name": "Toolhead",
            "id": "fan_generic part"
        },
        {
            "display_name": "Auxiliary",
            "id": "fan_generic auxiliary"
        },
        {
            "display_name": "Chamber",
            "id": "fan_generic chamber"
        },
        {
            "display_name": "Toolhead",
            "id": "output_pin fan0"
        },
        {
            "display_name": "Auxiliary",
            "id": "output_pin fan2"
        },
        {
            "display_name": "Chamber",
            "id": "output_pin fan1"
        }
    ],
    "guppy_restart_cmd": "sudo systemctl restart grumpyscreen",
    "guppy_update_cmd": "",
    "invert_z_icon": false,
    "leds": [
        {
            "id": "output_pin LED",
            "display_name": "LED",
            "pwm": true
        },
        {
            "id": "output_pin red_pin",
            "display_name": "Red",
            "pwm": false
        },
        {
            "id": "output_pin green_pin",
            "display_name": "Green",
            "pwm": false
        },
        {
            "id": "output_pin yellow_pin",
            "display_name": "Yellow",
            "pwm": false
        },
        {
            "id": "output_pin light_pin",
            "display_name": "Light",
            "pwm": false
        }
    ],
    "log_level": "info",
    "monitored_sensors": [
        {
            "color": "red",
            "controllable": true,
            "display_name": "Extruder",
            "id": "extruder"
        },
        {
            "color": "purple",
            "controllable": true,
            "display_name": "Bed",
            "id": "heater_bed"
        },
        {
            "color": "blue",
            "controllable": true,
            "display_name": "Chamber",
            "id": "temperature_fan chamber_fan"
        }
    ],
    "moonraker_host": "127.0.0.1",
    "moonraker_port": 7125,
    "prompt_emergency_stop": true,
    "theme": "blue",
    "wpa_supplicant": "/var/run/wpa_supplicant"
}
